HostIP,HostPassword
192.25.61.10,
192.25.61.11,
192.25.61.12,
192.25.61.13,
192.25.61.14,
192.25.61.15,
192.25.61.16,
192.25.61.17,
192.25.61.18,
192.25.61.19,
192.25.61.20,
192.25.61.21,
192.25.61.22,
192.25.61.23,
192.25.61.24,
192.25.61.25,
192.25.61.26,
192.25.61.27,
192.25.61.28,
192.25.61.29,
192.25.61.30,
192.25.61.31,
192.25.61.32,
192.25.61.33,
192.25.61.34,
192.25.61.35,
192.25.61.36,
192.25.61.37,
192.25.61.38,
192.25.61.39,
192.25.61.40,
192.25.61.41,
192.25.61.42,
192.25.61.43,
192.25.61.44,
192.25.61.45,
192.25.61.46,
192.25.61.47,
192.25.61.48,
192.25.61.49,
192.25.61.50,
192.25.61.51,
192.25.61.52,
192.25.61.53,
192.25.61.54,
192.25.61.55,
192.25.61.56,
192.25.61.57,
192.25.61.58,
192.25.61.59,
192.25.61.60,
192.25.61.61,
192.25.61.62,
192.25.61.63,
192.25.61.64,
192.25.61.65,
192.25.61.66,
192.25.61.67,
192.25.61.68,
192.25.61.69,
192.25.61.70,
192.25.61.71,
192.25.61.72,
192.25.61.73,
